,Name,Season,Review Link,Year
0,Pilot,1,https://www.imdb.com/title/tt0678483/reviews,2005
1,Allen,1,https://www.imdb.com/title/tt0678475/reviews,2005
2,Cell Test,1,https://www.imdb.com/title/tt0678477/reviews,2005
3,Cute Poison,1,https://www.imdb.com/title/tt0678478/reviews,2005
4,"English, Fitz or Percy",1,https://www.imdb.com/title/tt0678480/reviews,2005
5,"Riots, Drills and the Devil: Part 1",1,https://www.imdb.com/title/tt0678484/reviews,2005
6,"Riots, Drills and the Devil: Part 2",1,https://www.imdb.com/title/tt0678482/reviews,2005
7,The Old Head,1,https://www.imdb.com/title/tt0678486/reviews,2005
8,Tweener,1,https://www.imdb.com/title/tt0678487/reviews,2005
9,Sleight of Hand,1,https://www.imdb.com/title/tt0678485/reviews,2005
10,And Then There Were 7,1,https://www.imdb.com/title/tt0678476/reviews,2005
11,Odd Man Out,1,https://www.imdb.com/title/tt0678481/reviews,2005
12,End of the Tunnel,1,https://www.imdb.com/title/tt0678479/reviews,2005
13,The Rat,1,https://www.imdb.com/title/tt0761211/reviews,2006
14,By the Skin and the Teeth,1,https://www.imdb.com/title/tt0761209/reviews,2006
15,Brother's Keeper,1,https://www.imdb.com/title/tt0761208/reviews,2006
16,J-Cat,1,https://www.imdb.com/title/tt0782518/reviews,2006
17,Bluff,1,https://www.imdb.com/title/tt0789620/reviews,2006
18,The Key,1,https://www.imdb.com/title/tt0761210/reviews,2006
19,Tonight,1,https://www.imdb.com/title/tt0761212/reviews,2006
20,Go,1,https://www.imdb.com/title/tt0769383/reviews,2006
21,Flight,1,https://www.imdb.com/title/tt0799332/reviews,2006
22,Manhunt,2,https://www.imdb.com/title/tt0839360/reviews,2006
23,Otis,2,https://www.imdb.com/title/tt0843217/reviews,2006
24,Scan,2,https://www.imdb.com/title/tt0847410/reviews,2006
25,First Down,2,https://www.imdb.com/title/tt0845343/reviews,2006
26,Map 1213,2,https://www.imdb.com/title/tt0847409/reviews,2006
27,Subdivision,2,https://www.imdb.com/title/tt0865197/reviews,2006
28,Buried,2,https://www.imdb.com/title/tt0866270/reviews,2006
29,Dead Fall,2,https://www.imdb.com/title/tt0861280/reviews,2006
30,Unearthed,2,https://www.imdb.com/title/tt0866271/reviews,2006
31,Rendezvous,2,https://www.imdb.com/title/tt0876831/reviews,2006
32,Bolshoi Booze,2,https://www.imdb.com/title/tt0882544/reviews,2006
33,Disconnect,2,https://www.imdb.com/title/tt0882545/reviews,2006
34,The Killing Box,2,https://www.imdb.com/title/tt0900686/reviews,2006
35,John Doe,2,https://www.imdb.com/title/tt0909711/reviews,2007
36,The Message,2,https://www.imdb.com/title/tt0922226/reviews,2007
37,Chicago,2,https://www.imdb.com/title/tt0921562/reviews,2007
38,Bad Blood,2,https://www.imdb.com/title/tt0934263/reviews,2007
39,Wash,2,https://www.imdb.com/title/tt0959184/reviews,2007
40,Sweet Caroline,2,https://www.imdb.com/title/tt0928317/reviews,2007
41,Panama,2,https://www.imdb.com/title/tt0963626/reviews,2007
42,Fin del camino,2,https://www.imdb.com/title/tt0972484/reviews,2007
43,Sona,2,https://www.imdb.com/title/tt0974324/reviews,2007
44,Orientaci√≥n,3,https://www.imdb.com/title/tt0994491/reviews,2007
45,Fire/Water,3,https://www.imdb.com/title/tt0994502/reviews,2007
46,Call Waiting,3,https://www.imdb.com/title/tt0994506/reviews,2007
47,Good Fences,3,https://www.imdb.com/title/tt0994507/reviews,2007
48,Interference,3,https://www.imdb.com/title/tt0994508/reviews,2007
49,Photo Finish,3,https://www.imdb.com/title/tt0994509/reviews,2007
50,Vamonos,3,https://www.imdb.com/title/tt0994510/reviews,2007
51,Bang and Burn,3,https://www.imdb.com/title/tt0994511/reviews,2007
52,Boxed In,3,https://www.imdb.com/title/tt0994512/reviews,2008
53,Dirt Nap,3,https://www.imdb.com/title/tt0994492/reviews,2008
54,Under & Out,3,https://www.imdb.com/title/tt0994493/reviews,2008
55,Hell or High Water,3,https://www.imdb.com/title/tt0994494/reviews,2008
56,The Art of the Deal,3,https://www.imdb.com/title/tt0994495/reviews,2008
57,Scylla,4,https://www.imdb.com/title/tt0994496/reviews,2008
58,Breaking and Entering,4,https://www.imdb.com/title/tt6826536/reviews,2008
59,Shut Down,4,https://www.imdb.com/title/tt0994498/reviews,2008
60,Eagles and Angels,4,https://www.imdb.com/title/tt0994499/reviews,2008
61,Safe and Sound,4,https://www.imdb.com/title/tt0994500/reviews,2008
62,Blow Out,4,https://www.imdb.com/title/tt0994501/reviews,2008
63,Five the Hard Way,4,https://www.imdb.com/title/tt0994503/reviews,2008
64,The Price,4,https://www.imdb.com/title/tt0994504/reviews,2008
65,Greatness Achieved,4,https://www.imdb.com/title/tt0994505/reviews,2008
66,The Legend,4,https://www.imdb.com/title/tt1224477/reviews,2008
67,Quiet Riot,4,https://www.imdb.com/title/tt1224478/reviews,2008
68,Selfless,4,https://www.imdb.com/title/tt1224483/reviews,2008
69,Deal or No Deal,4,https://www.imdb.com/title/tt1224482/reviews,2008
70,Just Business,4,https://www.imdb.com/title/tt1224481/reviews,2008
71,Going Under,4,https://www.imdb.com/title/tt1224479/reviews,2008
72,The Sunshine State,4,https://www.imdb.com/title/tt1224480/reviews,2008
73,The Mother Lode,4,https://www.imdb.com/title/tt1349175/reviews,2009
74,VS.,4,https://www.imdb.com/title/tt1349174/reviews,2009
75,S.O.B.,4,https://www.imdb.com/title/tt1361190/reviews,2009
76,Cowboys and Indians,4,https://www.imdb.com/title/tt1368328/reviews,2009
77,Rate of Exchange,4,https://www.imdb.com/title/tt1395529/reviews,2009
78,Killing Your Number,4,https://www.imdb.com/title/tt1394850/reviews,2009
79,The Old Ball and Chain,4,https://www.imdb.com/title/tt1478107/reviews,2009
80,Free,4,https://www.imdb.com/title/tt1478106/reviews,2009
81,Ogygia,5,https://www.imdb.com/title/tt5537374/reviews,2017
82,Kaniel Outis,5,https://www.imdb.com/title/tt5562080/reviews,2017
83,The Liar,5,https://www.imdb.com/title/tt5562088/reviews,2017
84,The Prisoner's Dilemma,5,https://www.imdb.com/title/tt5564478/reviews,2017
85,Contingency,5,https://www.imdb.com/title/tt5577002/reviews,2017
86,Phaecia,5,https://www.imdb.com/title/tt5577008/reviews,2017
87,Wine Dark Sea,5,https://www.imdb.com/title/tt5577018/reviews,2017
88,Progeny,5,https://www.imdb.com/title/tt5577024/reviews,2017
89,Behind the Eyes,5,https://www.imdb.com/title/tt5538198/reviews,2017
